Month,Mdate,Sensor_ID,Hourly_Counts
April,1,1,4332
April,1,2,3259
April,1,3,3958
April,1,4,4466
April,1,5,3608
April,1,6,4679
April,1,7,2258
April,1,8,2246
April,1,9,2248
April,1,10,896
April,1,11,1012
April,1,12,3008
April,1,14,1557
April,1,17,2101
April,1,18,1295
April,1,19,1533
April,1,20,851
April,1,21,2567
April,1,22,10692
April,1,23,1901
April,1,24,5852
April,1,25,5059
April,1,26,3125
April,1,27,920
April,1,28,2803
April,1,29,1400
April,1,30,1280
April,1,31,1540
April,1,34,793
April,1,35,7361
April,1,36,1224
April,1,37,768
April,1,39,756
April,1,40,1213
April,1,41,5873
April,1,42,706
April,1,43,407
April,1,44,254
April,1,45,3023
April,1,46,492
April,1,47,4500
April,1,48,1280
April,1,49,1651
April,1,50,1285
April,1,51,1327
April,1,52,1342
April,1,53,2797
April,1,54,622
April,1,55,6984
April,1,56,1993
April,1,57,1882
April,1,58,3315
April,1,59,654
April,1,61,1788
April,1,62,1248
April,1,63,2366
April,1,65,2020
April,2,1,3182
April,2,2,2884
April,2,3,3268
April,2,4,3859
April,2,5,2574
April,2,6,4196
April,2,7,1066
April,2,8,1286
April,2,9,1902
April,2,10,797
April,2,11,279
April,2,12,1139
April,2,14,1127
April,2,17,1759
April,2,18,1058
April,2,19,1253
April,2,20,728
April,2,21,887
April,2,22,8765
April,2,23,1524
April,2,24,5967
April,2,25,2798
April,2,26,3620
April,2,27,967
April,2,28,1871
April,2,29,690
April,2,30,930
April,2,31,1133
April,2,34,428
April,2,35,4203
April,2,36,1106
April,2,37,780
April,2,39,602
April,2,40,1059
April,2,41,5329
April,2,42,447
April,2,43,257
April,2,44,191
April,2,45,2508
April,2,46,347
April,2,47,3506
April,2,48,1388
April,2,49,1542
April,2,50,922
April,2,51,1095
April,2,52,1163
April,2,53,2464
April,2,54,489
April,2,55,5904
April,2,56,1753
April,2,57,1353
April,2,58,2693
April,2,59,391
April,2,61,1355
April,2,62,1148
April,2,63,2074
April,2,65,1332
April,3,1,4433
April,3,2,3339
April,3,3,4143
April,3,4,4750
April,3,5,3461
April,3,6,4732
April,3,7,1996
April,3,8,2045
April,3,9,2135
April,3,10,876
April,3,11,830
April,3,12,2529
April,3,14,1566
April,3,17,2153
April,3,18,1218
April,3,19,1809
April,3,20,763
April,3,21,2844
April,3,22,11164
April,3,23,1732
April,3,24,5957
April,3,25,4581
April,3,26,4699
April,3,27,1199
April,3,28,2610
April,3,29,1294
April,3,30,1722
April,3,31,1465
April,3,34,739
April,3,35,6629
April,3,36,1253
April,3,37,881
April,3,39,712
April,3,40,1063
April,3,41,6074
April,3,42,728
April,3,43,382
April,3,44,336
April,3,45,3415
April,3,46,517
April,3,47,4726
April,3,48,1813
April,3,49,2074
April,3,50,1430
April,3,51,1380
April,3,52,1438
April,3,53,2749
April,3,54,573
April,3,55,7700
April,3,56,2120
April,3,57,1522
April,3,58,3419
April,3,59,878
April,3,61,2079
April,3,62,1457
April,3,63,2413
April,3,65,2034
April,4,1,2766
April,4,2,2255
April,4,3,3374
April,4,4,3043
April,4,5,2071
April,4,6,2902
April,4,7,918
April,4,8,993
April,4,9,712
April,4,10,442
April,4,11,262
April,4,12,1234
April,4,14,1848
April,4,17,820
April,4,18,416
April,4,19,1484
April,4,20,667
April,4,21,2221
April,4,22,7063
April,4,23,1155
April,4,24,3042
April,4,26,4357
April,4,27,1412
April,4,28,1636
April,4,29,643
April,4,30,1427
April,4,31,1011
April,4,34,318
April,4,35,3391
April,4,36,544
April,4,37,585
April,4,39,207
April,4,40,530
April,4,41,3374
April,4,42,364
April,4,43,186
April,4,44,172
April,4,45,1934
April,4,46,283
April,4,47,2723
April,4,48,1825
April,4,49,1758
April,4,50,1308
April,4,51,1135
April,4,52,967
April,4,53,1388
April,4,54,454
April,4,55,6104
April,4,56,1317
April,4,57,485
April,4,58,1608
April,4,59,461
April,4,61,1288
April,4,62,1097
April,4,63,1314
April,4,65,722
April,5,1,2655
April,5,2,2132
April,5,3,3288
April,5,4,2838
April,5,5,2021
April,5,6,2701
April,5,7,1178
April,5,8,1070
April,5,9,496
April,5,10,386
April,5,11,399
April,5,12,1349
April,5,14,1016
April,5,17,592
April,5,18,253
April,5,19,1261
April,5,20,481
April,5,21,1875
April,5,22,6799
April,5,23,584
April,5,24,2688
April,5,26,3939
April,5,27,1037
April,5,28,1530
April,5,29,735
April,5,30,1143
April,5,31,873
April,5,34,370
April,5,35,3503
April,5,36,358
April,5,37,523
April,5,39,127
April,5,40,412
April,5,41,3159
April,5,42,336
April,5,43,199
April,5,44,152
April,5,45,1678
April,5,46,228
April,5,47,2447
April,5,48,1559
April,5,49,1676
April,5,50,941
April,5,51,926
April,5,52,865
April,5,53,1085
April,5,54,395
April,5,55,5394
April,5,56,955
April,5,57,477
April,5,58,1367
April,5,59,319
April,5,61,1113
April,5,62,977
April,5,63,1227
April,5,65,869
April,6,1,3571
April,6,2,3147
April,6,3,4219
April,6,4,4584
April,6,5,3495
April,6,6,4600
April,6,7,2146
April,6,8,2033
April,6,9,2166
April,6,10,830
April,6,11,826
April,6,12,2618
April,6,14,1559
April,6,17,2025
April,6,18,1215
April,6,19,1672
April,6,20,839
April,6,21,3038
April,6,22,10842
April,6,23,1637
April,6,24,5526
April,6,26,3213
April,6,27,881
April,6,28,2599
April,6,29,1227
April,6,30,1704
April,6,31,1335
April,6,34,695
April,6,35,6044
April,6,36,1142
April,6,37,886
April,6,39,752
April,6,40,1203
April,6,41,6168
April,6,42,583
April,6,43,342
April,6,44,140
April,6,45,3044
April,6,46,426
April,6,47,4986
April,6,48,1087
April,6,49,1494
April,6,50,1137
April,6,51,1371
April,6,52,1638
April,6,53,2797
April,6,54,664
April,6,55,6991
April,6,56,1730
April,6,57,1060
April,6,58,3218
April,6,59,765
April,6,61,1847
April,6,62,1320
April,6,63,2312
April,6,65,1838
April,7,1,3269
April,7,2,2957
April,7,3,3905
April,7,4,4254
April,7,5,3231
April,7,6,5148
April,7,7,2110
April,7,8,1948
April,7,9,2136
April,7,10,673
April,7,11,689
April,7,12,2275
April,7,14,1529
April,7,17,1838
April,7,18,1063
April,7,19,1494
April,7,20,887
April,7,21,2583
April,7,22,10158
April,7,23,1507
April,7,24,5601
April,7,26,4554
April,7,27,1187
April,7,28,2452
April,7,29,1131
April,7,30,1580
April,7,31,1427
April,7,34,665
April,7,35,5978
April,7,36,1130
April,7,37,782
April,7,39,735
April,7,40,1257
April,7,41,5639
April,7,42,640
April,7,43,294
April,7,44,0
April,7,45,2816
April,7,46,456
April,7,47,4659
April,7,48,1690
April,7,49,1870
April,7,50,1150
April,7,51,1412
April,7,52,1300
April,7,53,2722
April,7,54,523
April,7,55,7067
April,7,56,1809
April,7,57,1071
April,7,58,3143
April,7,59,717
April,7,61,1693
April,7,62,1242
April,7,63,2183
April,7,65,1800
April,7,66,3783
April,8,1,3920
April,8,2,3104
April,8,3,4134
April,8,4,4765
April,8,5,3426
April,8,6,4427
April,8,7,2251
April,8,8,2069
April,8,9,2081
April,8,10,741
April,8,11,801
April,8,12,2637
April,8,17,1985
April,8,18,1270
April,8,19,1518
April,8,20,853
April,8,21,2843
April,8,22,10635
April,8,23,1795
April,8,24,5672
April,8,26,3331
April,8,27,870
April,8,28,2686
April,8,29,1323
April,8,30,1565
April,8,31,1518
April,8,34,663
April,8,35,6358
April,8,36,1277
April,8,37,817
April,8,39,725
April,8,40,1176
April,8,41,6086
April,8,42,626
April,8,43,341
April,8,44,126
April,8,45,3224
April,8,46,460
April,8,47,4675
April,8,48,1181
April,8,49,1536
April,8,50,1267
April,8,51,1226
April,8,52,1722
April,8,53,2842
April,8,54,662
April,8,55,7191
April,8,56,1396
April,8,57,1165
April,8,58,3107
April,8,59,677
April,8,61,1840
April,8,62,1391
April,8,63,2255
April,8,65,1974
April,8,66,3839
April,9,1,4578
April,9,2,3449
April,9,3,4559
April,9,4,5016
April,9,5,3801
April,9,6,5089
April,9,7,2541
April,9,8,2407
April,9,9,2118
April,9,10,911
April,9,11,983
April,9,12,3024
April,9,17,2136
April,9,18,1383
April,9,19,1975
April,9,20,728
April,9,21,3178
April,9,22,12601
April,9,23,1913
April,9,24,5801
April,9,26,5534
April,9,27,1600
April,9,28,3050
April,9,29,1539
April,9,30,1729
April,9,31,1856
April,9,34,711
April,9,35,7763
April,9,36,1345
April,9,37,938
April,9,39,700
April,9,40,1244
April,9,41,6327
April,9,42,651
April,9,43,420
April,9,44,348
April,9,45,3262
April,9,46,469
April,9,47,5398
April,9,48,8766
April,9,49,2705
April,9,50,1583
April,9,51,1459
April,9,52,1539
April,9,53,3227
April,9,54,709
April,9,55,7866
April,9,56,1917
April,9,57,1219
April,9,58,3234
April,9,59,601
April,9,61,2075
April,9,62,1406
April,9,63,2385
April,9,65,2113
April,9,66,4436
April,10,1,2090
April,10,2,1361
April,10,3,4020
April,10,4,2790
April,10,5,2954
April,10,6,2812
April,10,7,3211
April,10,8,2543
April,10,9,616
April,10,10,536
April,10,11,1223
April,10,12,3435
April,10,17,865
April,10,18,349
April,10,19,1678
April,10,20,637
April,10,21,2043
April,10,22,6130
April,10,23,701
April,10,24,2703
April,10,26,3026
April,10,27,765
April,10,28,2133
April,10,29,1782
April,10,30,1299
April,10,31,1244
April,10,34,605
April,10,35,7739
April,10,36,498
April,10,37,655
April,10,39,124
April,10,40,558
April,10,41,3254
April,10,42,525
April,10,43,400
April,10,44,358
April,10,45,1857
April,10,46,306
April,10,47,2758
April,10,48,965
April,10,49,1635
April,10,50,1391
April,10,51,818
April,10,52,772
April,10,53,890
April,10,54,503
April,10,55,5714
April,10,56,841
April,10,57,530
April,10,58,1380
April,10,59,456
April,10,61,1032
April,10,62,1107
April,10,63,1141
April,10,65,1419
April,10,66,2726
April,11,1,3219
April,11,2,2459
April,11,3,3951
April,11,4,3187
April,11,5,2126
April,11,6,3235
April,11,7,1223
April,11,8,1232
April,11,9,512
April,11,10,396
April,11,11,428
April,11,12,1615
April,11,17,693
April,11,18,310
April,11,19,1534
April,11,20,594
April,11,21,2217
April,11,22,8102
April,11,23,618
April,11,24,2907
April,11,26,5514
April,11,27,1545
April,11,28,1597
April,11,29,831
April,11,30,1256
April,11,31,1256
April,11,34,402
April,11,35,3641
April,11,36,478
April,11,37,676
April,11,39,143
April,11,40,502
April,11,41,2781
April,11,42,420
April,11,43,249
April,11,44,201
April,11,45,1783
April,11,46,260
April,11,47,3313
April,11,48,10069
April,11,49,3040
April,11,50,1368
April,11,51,1084
April,11,52,948
April,11,53,1228
April,11,54,430
April,11,55,6343
April,11,56,1038
April,11,57,372
April,11,58,1653
April,11,59,584
April,11,61,1556
April,11,62,1065
April,11,63,1251
April,11,65,1034
April,11,66,4082
April,12,1,2465
April,12,2,1820
April,12,3,3438
April,12,4,2791
April,12,5,2531
April,12,6,3147
April,12,7,2359
April,12,8,1999
April,12,9,596
April,12,10,326
April,12,11,895
April,12,12,2779
April,12,17,657
April,12,18,246
April,12,19,1516
April,12,20,546
April,12,21,2167
April,12,22,6594
April,12,23,564
April,12,24,2480
April,12,26,4382
April,12,27,1085
April,12,28,1787
April,12,29,1422
April,12,30,1145
April,12,31,993
April,12,34,537
April,12,35,6189
April,12,36,336
April,12,37,596
April,12,39,131
April,12,40,523
April,12,41,2974
April,12,42,469
April,12,43,276
April,12,44,238
April,12,45,1711
April,12,46,277
April,12,47,2814
April,12,48,1573
April,12,49,2091
April,12,50,930
April,12,51,873
April,12,52,833
April,12,53,904
April,12,54,437
April,12,55,5422
April,12,56,933
April,12,57,285
April,12,58,1474
April,12,59,543
April,12,61,1354
April,12,62,919
April,12,63,1054
April,12,65,1277
April,12,66,3472
April,13,1,3289
April,13,2,2494
April,13,3,4040
April,13,4,3464
April,13,5,3225
April,13,6,3548
April,13,7,3774
April,13,8,3210
April,13,9,683
April,13,10,484
April,13,11,1338
April,13,12,4018
April,13,17,1017
April,13,18,366
April,13,19,1593
April,13,20,527
April,13,21,2445
April,13,22,8834
April,13,23,730
April,13,24,2767
April,13,26,2779
April,13,27,872
April,13,28,2435
April,13,29,2085
April,13,30,1321
April,13,31,1235
April,13,34,656
April,13,35,8906
April,13,36,390
April,13,37,713
April,13,39,167
April,13,40,668
April,13,41,3618
April,13,42,494
April,13,43,404
April,13,44,357
April,13,45,2289
April,13,46,347
April,13,47,3211
April,13,48,1132
April,13,49,1477
April,13,50,1238
April,13,51,865
April,13,52,934
April,13,53,1123
April,13,54,440
April,13,55,5595
April,13,56,1067
April,13,57,489
April,13,58,1640
April,13,59,482
April,13,61,1423
April,13,62,1042
April,13,63,1434
April,13,65,1819
April,13,66,3746
April,14,1,4441
April,14,2,3265
April,14,3,4488
April,14,4,4646
April,14,5,3534
April,14,6,4495
April,14,7,2288
April,14,8,2383
April,14,9,1944
April,14,10,800
April,14,11,1125
April,14,12,3194
April,14,17,1781
April,14,18,1163
April,14,19,1970
April,14,20,741
April,14,21,2918
April,14,22,11314
April,14,23,1655
April,14,24,5527
April,14,26,4537
April,14,27,1160
April,14,28,2649
April,14,29,1340
April,14,30,1546
April,14,31,1332
April,14,34,739
April,14,35,6561
April,14,36,1238
April,14,37,918
April,14,39,589
April,14,40,1262
April,14,41,5365
April,14,42,513
April,14,43,340
April,14,44,296
April,14,45,2983
April,14,46,320
April,14,47,4956
April,14,48,1699
April,14,49,1998
April,14,50,1234
April,14,51,1137
April,14,52,1470
April,14,53,2799
April,14,54,541
April,14,55,6896
April,14,56,1461
April,14,57,1059
April,14,58,3093
April,14,59,691
April,14,61,1766
April,14,62,1174
April,14,63,2266
April,14,65,1941
April,14,66,4192
April,15,1,4148
April,15,2,3300
April,15,3,4238
April,15,4,4845
April,15,5,3441
April,15,6,4990
April,15,7,2362
April,15,8,2145
April,15,9,1931
April,15,10,729
April,15,11,1089
April,15,12,3029
April,15,17,1820
April,15,18,1158
April,15,19,1964
April,15,20,828
April,15,21,2574
April,15,22,10684
April,15,23,1642
April,15,24,5725
April,15,25,5355
April,15,26,3237
April,15,27,817
April,15,28,2552
April,15,29,1368
April,15,30,1637
April,15,31,1385
April,15,34,712
April,15,35,6732
April,15,36,1254
April,15,37,817
April,15,39,618
April,15,40,1155
April,15,41,5384
April,15,42,735
April,15,43,424
April,15,44,387
April,15,45,3222
April,15,46,502
April,15,47,4754
April,15,48,1145
April,15,49,1724
April,15,50,1358
April,15,51,1144
April,15,52,1364
April,15,53,2848
April,15,54,572
April,15,55,6844
April,15,56,1506
April,15,57,1110
April,15,58,3635
April,15,59,676
April,15,61,1750
April,15,62,1151
April,15,63,2398
April,15,65,2031
April,15,66,3933
April,16,1,4162
April,16,2,3067
April,16,3,4454
April,16,4,4522
April,16,5,3397
April,16,6,4796
April,16,7,2094
April,16,8,1990
April,16,9,2286
April,16,10,762
April,16,11,970
April,16,12,2812
April,16,17,2006
April,16,18,1189
April,16,19,1753
April,16,20,859
April,16,21,2958
April,16,22,10746
April,16,23,1795
April,16,24,5621
April,16,25,4750
April,16,26,4742
April,16,27,1147
April,16,28,2674
April,16,29,1228
April,16,30,1668
April,16,31,1396
April,16,34,734
April,16,35,6354
April,16,36,1439
April,16,37,951
April,16,39,662
April,16,40,1262
April,16,41,5562
April,16,42,677
April,16,43,367
April,16,44,259
April,16,45,2881
April,16,46,458
April,16,47,4701
April,16,48,1761
April,16,49,1983
April,16,50,1259
April,16,51,1363
April,16,52,1519
April,16,53,2921
April,16,54,557
April,16,55,7062
April,16,56,1356
April,16,57,986
April,16,58,3156
April,16,59,588
April,16,61,1770
April,16,62,1373
April,16,63,2348
April,16,65,1917
April,16,66,3922
April,17,1,4345
April,17,2,3438
April,17,3,4564
April,17,4,5037
April,17,5,3605
April,17,6,4720
April,17,7,2185
April,17,8,2093
April,17,9,2157
April,17,10,722
April,17,11,876
April,17,12,2704
April,17,17,2016
April,17,18,1180
April,17,19,1944
April,17,20,884
April,17,21,3006
April,17,22,10708
April,17,23,1654
April,17,24,5646
April,17,25,4905
April,17,26,4901
April,17,27,1168
April,17,28,2741
April,17,29,1317
April,17,30,1840
April,17,31,1573
April,17,34,701
April,17,35,6210
April,17,36,1539
April,17,37,920
April,17,39,718
April,17,40,1218
April,17,41,5971
April,17,42,736
April,17,43,374
April,17,44,355
April,17,45,3108
April,17,46,481
April,17,47,4923
April,17,48,1777
April,17,49,2227
April,17,50,1572
April,17,51,1365
April,17,52,1550
April,17,53,2874
April,17,54,693
April,17,55,7548
April,17,56,1726
April,17,57,918
April,17,58,3398
April,17,59,602
April,17,61,1851
April,17,62,1414
April,17,63,2563
April,17,65,1947
April,17,66,4290
April,18,1,3776
April,18,2,3122
April,18,3,4586
April,18,4,4081
April,18,5,3155
April,18,6,3894
April,18,7,2856
April,18,8,2395
April,18,9,991
April,18,10,570
April,18,11,986
April,18,12,3075
April,18,17,1085
April,18,18,611
April,18,19,1881
April,18,20,767
April,18,21,2666
April,18,22,8648
April,18,23,829
April,18,24,3377
April,18,25,5705
April,18,26,5855
April,18,27,1670
April,18,28,2194
April,18,29,1588
April,18,30,1607
April,18,31,1453
April,18,34,709
April,18,35,6864
April,18,36,591
April,18,37,849
April,18,39,267
April,18,40,680
April,18,41,4618
April,18,42,552
April,18,43,342
April,18,44,245
April,18,45,2416
April,18,46,313
April,18,47,3423
April,18,48,7257
April,18,49,2890
April,18,50,1591
April,18,51,1454
April,18,52,1168
April,18,53,1714
April,18,54,521
April,18,55,6505
April,18,56,1299
April,18,57,611
April,18,58,1932
April,18,59,584
April,18,61,1721
April,18,62,1317
April,18,63,1640
April,18,64,599
April,18,65,1710
April,18,66,4428
April,19,1,3918
April,19,2,2825
April,19,3,4472
April,19,4,3818
April,19,5,3283
April,19,6,3502
April,19,7,4166
April,19,8,3313
April,19,9,666
April,19,10,419
April,19,11,1414
April,19,12,4212
April,19,17,822
April,19,18,519
April,19,19,1890
April,19,20,750
April,19,21,2735
April,19,22,8763
April,19,23,761
April,19,24,3086
April,19,25,7818
April,19,26,5624
April,19,27,1379
April,19,28,2604
April,19,29,2211
April,19,30,1456
April,19,31,1263
April,19,34,671
April,19,35,9221
April,19,36,561
April,19,37,725
April,19,39,164
April,19,40,661
April,19,41,4087
April,19,42,565
April,19,43,431
April,19,44,371
April,19,45,2343
April,19,46,334
April,19,47,3148
April,19,48,2106
April,19,49,2559
April,19,50,1254
April,19,51,1238
April,19,52,987
April,19,53,1319
April,19,54,529
April,19,55,6135
April,19,56,1184
April,19,57,548
April,19,58,1950
April,19,59,552
April,19,61,1584
April,19,62,1187
April,19,63,1459
April,19,64,679
April,19,65,1873
April,19,66,4286
April,20,1,4010
April,20,2,3050
April,20,3,4014
April,20,4,4628
April,20,5,3348
April,20,6,4584
April,20,7,1929
April,20,8,1865
April,20,9,2199
April,20,10,787
April,20,11,870
April,20,12,2734
April,20,17,2160
April,20,18,1225
April,20,19,1770
April,20,20,785
April,20,21,2541
April,20,22,10847
April,20,23,1646
April,20,24,5931
April,20,25,4216
April,20,26,3259
April,20,27,733
April,20,28,2604
April,20,29,1146
April,20,30,1608
April,20,31,1474
April,20,34,776
April,20,35,5875
April,20,36,1323
April,20,37,851
April,20,39,746
April,20,40,1236
April,20,41,5967
April,20,42,606
April,20,43,492
April,20,44,365
April,20,45,2810
April,20,46,433
April,20,47,4533
April,20,48,1075
April,20,49,1778
April,20,50,1118
April,20,51,1334
April,20,52,1423
April,20,53,3129
April,20,54,605
April,20,55,6646
April,20,56,1687
April,20,57,788
April,20,58,3223
April,20,59,569
April,20,61,1816
April,20,62,1222
April,20,63,2444
April,20,64,1022
April,20,65,1814
April,20,66,3733
April,21,1,4484
April,21,2,3269
April,21,3,4227
April,21,4,4841
April,21,5,3631
April,21,6,4874
April,21,7,2469
April,21,8,2379
April,21,9,2412
April,21,10,836
April,21,11,1004
April,21,12,3144
April,21,17,2134
April,21,18,1180
April,21,19,1843
April,21,20,761
April,21,21,2944
April,21,22,11555
April,21,23,1702
April,21,24,5938
April,21,25,5577
April,21,26,4979
April,21,27,1169
April,21,28,2996
April,21,29,1504
April,21,30,1702
April,21,31,1537
April,21,34,847
April,21,35,7417
April,21,36,1429
April,21,37,859
April,21,39,774
April,21,40,1318
April,21,41,6279
April,21,42,672
April,21,43,475
April,21,44,356
April,21,45,2942
April,21,46,503
April,21,47,4785
April,21,48,1738
April,21,49,2392
April,21,50,1211
April,21,51,1372
April,21,52,1426
April,21,53,3310
April,21,54,604
April,21,55,7263
April,21,56,1633
April,21,57,1189
April,21,58,3508
April,21,59,630
April,21,61,1837
April,21,62,1501
April,21,63,2388
April,21,64,1195
April,21,65,2025
April,21,66,4052
April,22,1,4161
April,22,2,3318
April,22,3,4563
April,22,4,4787
April,22,5,3647
April,22,6,4717
April,22,7,2452
April,22,8,2275
April,22,9,2360
April,22,10,755
April,22,11,1065
April,22,12,3133
April,22,17,2195
April,22,18,1232
April,22,19,1763
April,22,20,957
April,22,21,2679
April,22,22,10948
April,22,23,1683
April,22,24,5759
April,22,25,5245
April,22,26,3739
April,22,27,943
April,22,28,2779
April,22,29,1370
April,22,30,1654
April,22,31,1565
April,22,34,734
April,22,35,6694
April,22,36,1457
April,22,37,927
April,22,39,818
April,22,40,1406
April,22,41,6477
April,22,42,729
April,22,43,531
April,22,44,383
April,22,45,3285
April,22,46,494
April,22,47,4576
April,22,48,1217
April,22,49,2043
April,22,50,1329
April,22,51,1500
April,22,52,1404
April,22,53,3029
April,22,54,623
April,22,55,7044
April,22,56,1775
April,22,57,971
April,22,58,3544
April,22,59,643
April,22,61,2007
April,22,62,1542
April,22,63,2381
April,22,64,1215
April,22,65,2081
April,22,66,4195
April,23,1,4398
April,23,2,3195
April,23,3,4429
April,23,4,4902
April,23,5,3990
April,23,6,4899
April,23,7,2106
April,23,8,2009
April,23,9,2338
April,23,10,886
April,23,11,791
April,23,12,2530
April,23,17,2154
April,23,18,1325
April,23,19,1859
April,23,20,672
April,23,21,2789
April,23,22,10872
April,23,23,1686
April,23,24,6009
April,23,25,4859
April,23,26,4825
April,23,27,1139
April,23,28,2753
April,23,29,1440
April,23,30,1731
April,23,31,1614
April,23,34,769
April,23,35,6454
April,23,36,1295
April,23,37,868
April,23,39,760
April,23,40,1221
April,23,41,6166
April,23,42,687
April,23,43,403
April,23,44,331
April,23,45,3103
April,23,46,458
April,23,47,4839
April,23,48,1754
April,23,49,2483
April,23,50,1293
April,23,51,1357
April,23,52,1468
April,23,53,3007
April,23,54,579
April,23,55,7051
April,23,56,1659
April,23,57,934
April,23,58,3336
April,23,59,602
April,23,61,1956
April,23,62,1358
April,23,63,2455
April,23,64,1118
April,23,65,1962
April,23,66,4140
April,24,1,5409
April,24,2,3745
April,24,3,5286
April,24,4,5625
April,24,5,4224
April,24,6,5672
April,24,7,2786
April,24,8,2604
April,24,9,2346
April,24,10,910
April,24,11,1142
April,24,12,3686
April,24,17,2169
April,24,18,1305
April,24,19,2267
April,24,20,775
April,24,21,3307
April,24,22,12675
April,24,23,1708
April,24,24,6001
April,24,25,6339
April,24,26,5503
April,24,27,1342
April,24,28,3392
April,24,29,1869
April,24,30,2015
April,24,31,1929
April,24,34,921
April,24,35,8639
April,24,36,1388
April,24,37,1014
April,24,39,755
April,24,40,1235
April,24,41,6905
April,24,42,890
April,24,43,543
April,24,44,423
April,24,45,3537
April,24,46,557
April,24,47,5477
April,24,48,2116
April,24,49,2853
April,24,50,1702
April,24,51,1529
April,24,52,1424
April,24,53,3315
April,24,54,732
April,24,55,8202
April,24,56,1969
April,24,57,1208
April,24,58,3666
April,24,59,548
April,24,61,2197
April,24,62,1661
April,24,63,2754
April,24,64,1244
April,24,65,2412
April,24,66,4776
April,25,1,4269
April,25,2,3141
April,25,3,5558
April,25,4,4601
April,25,5,4140
April,25,6,4201
April,25,7,4150
April,25,8,3201
April,25,9,810
April,25,10,654
April,25,11,1352
April,25,12,3923
April,25,17,1108
April,25,18,470
April,25,19,2485
April,25,20,807
April,25,21,2958
April,25,22,10182
April,25,23,856
April,25,24,3597
April,25,25,7900
April,25,26,4712
April,25,27,1267
April,25,28,2960
April,25,29,2592
April,25,30,1908
April,25,31,1707
April,25,34,717
April,25,35,9795
April,25,36,531
April,25,37,957
April,25,39,189
April,25,40,821
April,25,41,4725
April,25,42,541
April,25,43,536
April,25,44,376
April,25,45,3000
April,25,46,369
April,25,47,4085
April,25,48,2045
April,25,49,2310
April,25,50,1909
April,25,51,1209
April,25,52,1133
April,25,53,1824
April,25,54,581
April,25,55,7284
April,25,56,1178
April,25,57,653
April,25,58,2157
April,25,59,692
April,25,61,1724
April,25,62,1601
April,25,63,1669
April,25,64,758
April,25,65,2175
April,25,66,5213
April,26,1,4085
April,26,2,2840
April,26,3,4520
April,26,4,3957
April,26,5,2981
April,26,6,3393
April,26,7,2179
April,26,8,1987
April,26,9,685
April,26,10,393
April,26,11,793
April,26,12,2741
April,26,17,628
April,26,18,506
April,26,19,1999
April,26,20,700
April,26,21,2616
April,26,22,8507
April,26,23,787
April,26,24,3074
April,26,25,4443
April,26,26,6349
April,26,27,1679
April,26,28,2105
April,26,29,1527
April,26,30,1573
April,26,31,1381
April,26,34,494
April,26,35,5783
April,26,36,495
April,26,37,748
April,26,39,144
April,26,40,564
April,26,41,4034
April,26,42,456
April,26,43,415
April,26,44,321
April,26,45,2241
April,26,46,287
April,26,47,3804
April,26,48,10645
April,26,49,3444
April,26,50,1390
April,26,51,1433
April,26,52,1047
April,26,53,1655
April,26,54,301
April,26,55,6644
April,26,56,1218
April,26,57,419
April,26,58,1822
April,26,59,491
April,26,61,1747
April,26,62,1268
April,26,63,1307
April,26,64,555
April,26,65,1545
April,26,66,4398
April,27,1,5098
April,27,2,3550
April,27,3,4968
April,27,4,5351
April,27,5,4167
April,27,6,5060
April,27,7,2737
April,27,8,2708
April,27,9,2136
April,27,10,824
April,27,11,1192
April,27,12,3487
April,27,17,2140
April,27,18,1340
April,27,19,2037
April,27,20,698
April,27,21,3296
April,27,22,11880
April,27,23,1854
April,27,24,5606
April,27,25,6241
April,27,26,3579
April,27,27,865
April,27,28,3425
April,27,29,1630
April,27,30,1865
April,27,31,1603
April,27,34,825
April,27,35,7939
April,27,36,1217
April,27,37,881
April,27,39,745
April,27,40,1330
April,27,41,6014
April,27,42,640
April,27,43,494
April,27,44,379
April,27,45,3358
April,27,46,499
April,27,47,4970
April,27,48,1299
April,27,49,1878
April,27,50,1420
April,27,51,1175
April,27,52,1530
April,27,53,3465
April,27,54,479
April,27,55,7102
April,27,56,1593
April,27,57,899
April,27,58,3510
April,27,59,548
April,27,61,1614
April,27,62,1214
April,27,63,2376
April,27,64,1205
April,27,65,2350
April,27,66,4379
April,28,1,5012
April,28,2,3674
April,28,3,4741
April,28,4,5617
April,28,5,3803
April,28,6,5172
April,28,7,2584
April,28,8,2469
April,28,9,2325
April,28,10,756
April,28,11,918
April,28,12,2839
April,28,17,2316
April,28,18,1399
April,28,19,1893
April,28,20,948
April,28,21,3049
April,28,22,11738
April,28,23,1908
April,28,24,6201
April,28,25,5661
April,28,26,5085
April,28,27,1288
April,28,28,3117
April,28,29,1477
April,28,30,1991
April,28,31,1472
April,28,34,890
April,28,35,7127
April,28,36,1250
April,28,37,409
April,28,39,781
April,28,40,1361
April,28,41,6329
April,28,42,682
April,28,43,505
April,28,44,410
April,28,45,3416
April,28,46,426
April,28,47,4959
April,28,48,2007
April,28,49,2468
April,28,50,1330
April,28,51,1402
April,28,52,1527
April,28,53,3520
April,28,54,566
April,28,55,7179
April,28,56,1598
April,28,58,3762
April,28,59,588
April,28,61,1847
April,28,62,1407
April,28,63,2493
April,28,64,1250
April,28,65,2241
April,28,66,4341
April,29,1,3766
April,29,2,3106
April,29,3,3286
April,29,4,4334
April,29,5,2352
April,29,6,4134
April,29,7,944
April,29,8,831
April,29,9,2111
April,29,10,635
April,29,11,235
April,29,12,962
April,29,17,1880
April,29,18,1112
April,29,19,1513
April,29,20,726
April,29,21,2125
April,29,22,9626
April,29,23,1589
April,29,24,7029
April,29,25,2653
April,29,26,2683
April,29,27,733
April,29,28,1842
April,29,29,572
April,29,30,1711
April,29,31,1110
April,29,34,482
April,29,35,3375
April,29,36,1078
April,29,37,297
April,29,39,710
April,29,40,1296
April,29,41,5526
April,29,42,439
April,29,43,246
April,29,44,171
April,29,45,2436
April,29,46,377
April,29,47,3636
April,29,48,1063
April,29,49,1604
April,29,50,1047
April,29,51,1045
April,29,52,1117
April,29,53,2829
April,29,54,441
April,29,55,6373
April,29,56,1751
April,29,58,2760
April,29,59,259
April,29,61,1288
April,29,62,1136
April,29,63,2002
April,29,64,771
April,29,65,1327
April,29,66,2699
April,30,1,4821
April,30,2,3838
April,30,3,4554
April,30,4,5260
April,30,5,3466
April,30,6,5092
April,30,7,1684
April,30,8,1956
April,30,9,2372
April,30,10,831
April,30,11,506
April,30,12,1978
April,30,17,2114
April,30,18,1348
April,30,19,1817
April,30,20,899
April,30,21,3073
April,30,22,11353
April,30,23,1904
April,30,24,6526
April,30,26,4751
April,30,27,1253
April,30,28,2811
April,30,29,1018
April,30,30,1943
April,30,31,1665
April,30,34,787
April,30,35,5543
April,30,36,1329
April,30,37,815
April,30,39,877
April,30,40,1158
April,30,41,6648
April,30,42,624
April,30,43,385
April,30,44,304
April,30,45,3222
April,30,46,472
April,30,47,5060
April,30,48,1735
April,30,49,2041
April,30,50,1330
April,30,51,1347
April,30,52,1435
April,30,53,3281
April,30,54,521
April,30,55,7251
April,30,56,1815
April,30,58,3501
April,30,59,532
April,30,61,1911
April,30,62,1285
April,30,63,2567
April,30,64,1012
April,30,65,1932
April,30,66,4227
March,1,1,26263
March,1,2,15849
March,1,3,26840
March,1,4,26574
March,1,5,35382
March,1,6,22567
March,1,7,2420
March,1,8,3279
March,1,9,2182
March,1,10,1290
March,1,11,1507
March,1,12,5695
March,1,14,8074
March,1,15,19826
March,1,17,4204
March,1,18,1938
March,1,19,13593
March,1,20,8100
March,1,21,13951
March,1,22,32546
March,1,23,3456
March,1,24,13513
March,1,25,22173
March,1,26,14477
March,1,28,27488
March,1,29,8049
March,1,30,5522
March,1,31,6503
March,1,34,2069
March,1,35,30247
March,1,36,3980
March,1,37,2888
March,1,39,1412
March,1,40,3525
March,1,41,33391
March,1,42,3181
March,1,43,1627
March,1,44,1029
March,1,45,18366
March,1,46,1032
March,1,47,20142
March,1,48,6764
March,1,49,4018
March,1,50,6689
March,1,51,3711
March,1,52,8418
March,1,53,11526
March,1,54,1691
March,1,55,20727
March,1,56,7585
March,1,57,3493
March,1,58,9560
March,1,59,1957
March,1,61,7923
March,1,62,2985
March,1,63,9878
March,1,64,1700
March,2,1,26315
March,2,2,19560
March,2,3,27900
March,2,4,29895
March,2,5,27374
March,2,6,37387
March,2,7,4828
March,2,8,5107
March,2,9,24518
March,2,10,5799
March,2,11,1136
March,2,12,4278
March,2,14,12180
March,2,15,23171
March,2,17,16877
March,2,18,11252
March,2,19,9866
March,2,20,6154
March,2,21,12106
March,2,22,44941
March,2,23,11089
March,2,24,33539
March,2,25,20716
March,2,26,10317
March,2,28,22220
March,2,29,5280
March,2,30,9389
March,2,31,4223
March,2,34,3911
March,2,35,37148
March,2,36,8537
March,2,37,3013
March,2,39,8431
March,2,40,7060
March,2,41,38686
March,2,42,15448
March,2,43,12676
March,2,44,3389
March,2,45,19005
March,2,46,3555
March,2,47,22702
March,2,48,4161
March,2,49,2046
March,2,50,5806
March,2,51,3040
March,2,52,9164
March,2,53,17967
March,2,54,5976
March,2,55,22585
March,2,56,8574
March,2,57,27824
March,2,58,21676
March,2,59,7144
March,2,61,20984
March,2,62,3528
March,2,63,14082
March,2,64,10998
March,3,1,26329
March,3,2,20174
March,3,3,28003
March,3,4,33170
March,3,5,28554
March,3,6,38554
March,3,7,5586
March,3,8,5394
March,3,9,25886
March,3,10,5004
March,3,11,1278
March,3,12,4758
March,3,14,13027
March,3,15,23687
March,3,17,16682
March,3,18,11573
March,3,19,9829
March,3,20,6833
March,3,21,12713
March,3,22,45214
March,3,23,11649
March,3,24,35166
March,3,25,21799
March,3,26,13623
March,3,28,21989
March,3,29,5672
March,3,30,9928
March,3,31,4535
March,3,34,4031
March,3,35,41180
March,3,36,9017
March,3,37,2896
March,3,39,8865
March,3,40,7694
March,3,41,41049
March,3,42,12469
March,3,43,9796
March,3,44,3007
March,3,45,20536
March,3,46,4073
March,3,47,22968
March,3,48,6349
March,3,49,3258
March,3,50,5843
March,3,51,3537
March,3,52,9656
March,3,53,19375
March,3,54,5865
March,3,55,24051
March,3,56,8452
March,3,57,29025
March,3,58,22536
March,3,59,8248
March,3,61,21122
March,3,62,3375
March,3,63,14603
March,3,64,11289
March,4,1,26772
March,4,2,19902
March,4,3,27949
March,4,4,31667
March,4,5,29573
March,4,6,36109
March,4,7,4025
March,4,8,4971
March,4,9,26303
March,4,10,5050
March,4,11,1204
March,4,12,4720
March,4,14,11955
March,4,15,23231
March,4,17,16633
March,4,18,11640
March,4,19,9430
March,4,20,7983
March,4,21,12149
March,4,22,43807
March,4,23,11637
March,4,24,35098
March,4,25,19065
March,4,26,13169
March,4,28,22350
March,4,29,5408
March,4,30,10172
March,4,31,4680
March,4,34,4047
March,4,35,37947
March,4,36,9421
March,4,37,2901
March,4,39,9136
March,4,40,8853
March,4,41,42868
March,4,42,12198
March,4,43,9012
March,4,44,4027
March,4,45,20481
March,4,46,4149
March,4,47,22751
March,4,48,9354
March,4,49,2844
March,4,50,5739
March,4,51,3672
March,4,52,9384
March,4,53,18477
March,4,54,5815
March,4,55,23790
March,4,56,8717
March,4,57,28392
March,4,58,22651
March,4,59,7559
March,4,61,20237
March,4,62,3245
March,4,63,14735
March,4,64,10539
March,5,1,25622
March,5,2,19784
March,5,3,24936
March,5,4,32567
March,5,5,25539
March,5,6,32952
March,5,7,2553
March,5,8,4338
March,5,9,22496
March,5,10,4891
March,5,11,425
March,5,12,2090
March,5,14,9879
March,5,15,21696
March,5,17,14393
March,5,18,11375
March,5,19,9581
March,5,20,6788
March,5,21,11416
March,5,22,41186
March,5,23,11700
March,5,24,35117
March,5,25,13744
March,5,26,10570
March,5,27,3495
March,5,28,21344
March,5,29,2867
March,5,30,8920
March,5,31,4051
March,5,34,2390
March,5,35,28192
March,5,36,8448
March,5,37,2708
March,5,39,7305
March,5,40,8737
March,5,41,41689
March,5,42,9389
March,5,43,9409
March,5,44,2825
March,5,45,18307
March,5,46,4190
March,5,47,19525
March,5,48,5880
March,5,49,2337
March,5,50,5685
March,5,51,2856
March,5,52,8591
March,5,53,17586
March,5,54,6657
March,5,55,22182
March,5,56,7006
March,5,57,17593
March,5,58,17015
March,5,59,4337
March,5,61,17997
March,5,62,3409
March,5,63,13281
March,5,64,8926
March,6,1,31087
March,6,2,23734
March,6,3,33456
March,6,4,37439
March,6,5,35490
March,6,6,39771
March,6,7,18413
March,6,8,5484
March,6,9,23712
March,6,10,4940
March,6,11,908
March,6,12,4341
March,6,14,13164
March,6,15,25028
March,6,17,15960
March,6,18,10377
March,6,19,12907
March,6,20,10026
March,6,21,15957
March,6,22,47149
March,6,23,11409
March,6,24,34794
March,6,25,23888
March,6,26,14584
March,6,27,3093
March,6,28,23179
March,6,29,15167
March,6,30,13499
March,6,31,5931
March,6,34,3941
March,6,35,46468
March,6,36,10309
March,6,37,3846
March,6,39,8534
March,6,40,7924
March,6,41,49054
March,6,42,11149
March,6,43,9874
March,6,44,2999
March,6,45,23686
March,6,46,3255
March,6,47,26591
March,6,48,6008
March,6,49,3038
March,6,50,7249
March,6,51,3437
March,6,52,13145
March,6,53,19738
March,6,54,6104
March,6,55,26465
March,6,56,6285
March,6,57,23511
March,6,58,22804
March,6,59,7555
March,6,61,18471
March,6,62,3892
March,6,63,17942
March,6,64,9174
March,7,1,29275
March,7,2,22348
March,7,3,30580
March,7,4,33602
March,7,5,38214
March,7,6,27942
March,7,7,45624
March,7,8,3596
March,7,9,2521
March,7,10,1461
March,7,11,1352
March,7,12,5908
March,7,14,9880
March,7,15,20986
March,7,17,5033
March,7,18,2657
March,7,19,14428
March,7,20,10452
March,7,21,15803
March,7,22,40428
March,7,23,4394
March,7,24,18576
March,7,25,27628
March,7,26,15535
March,7,28,20990
March,7,29,33888
March,7,30,14200
March,7,31,7257
March,7,34,2814
March,7,35,51550
March,7,36,5522
March,7,37,3977
March,7,39,2197
March,7,40,4318
March,7,41,42548
March,7,42,2586
March,7,43,1749
March,7,44,980
March,7,45,22751
March,7,46,1144
March,7,47,23736
March,7,48,8064
March,7,49,4177
March,7,50,7948
March,7,51,3458
March,7,52,9412
March,7,53,14150
March,7,54,1894
March,7,55,23103
March,7,56,7162
March,7,57,11799
March,7,58,12631
March,7,59,2575
March,7,61,8091
March,7,62,3797
March,7,63,14208
March,7,64,1783
March,8,1,28123
March,8,2,19178
March,8,3,27444
March,8,4,33258
March,8,5,39179
March,8,6,28924
March,8,7,67719
March,8,8,3355
March,8,9,2124
March,8,10,1115
March,8,11,1713
March,8,12,6278
March,8,14,10745
March,8,15,18528
March,8,17,4731
March,8,18,2352
March,8,19,12690
March,8,20,8360
March,8,21,14451
March,8,22,40805
March,8,23,4035
March,8,24,15025
March,8,25,27970
March,8,26,15775
March,8,28,22273
March,8,29,48260
March,8,30,12740
March,8,31,8982
March,8,34,4281
March,8,35,60832
March,8,36,4405
March,8,37,4177
March,8,39,1853
March,8,40,3713
March,8,41,43706
March,8,42,2908
March,8,43,2022
March,8,44,847
March,8,45,22685
March,8,46,987
March,8,47,21197
March,8,48,8413
March,8,49,4805
March,8,50,6933
March,8,51,3309
March,8,52,8328
March,8,53,12774
March,8,54,1693
March,8,55,22248
March,8,56,6595
March,8,57,3229
March,8,58,10760
March,8,59,2187
March,8,61,7524
March,8,62,3183
March,8,63,12287
March,8,64,1609
March,9,1,24693
March,9,2,16400
March,9,3,25149
March,9,4,27164
March,9,5,35795
March,9,6,22985
March,9,7,51209
March,9,8,3114
March,9,9,2559
March,9,10,1408
March,9,11,1547
March,9,12,4868
March,9,15,17949
March,9,17,3465
March,9,18,1894
March,9,19,10865
March,9,20,5791
March,9,21,11489
March,9,22,37220
March,9,23,3431
March,9,24,14483
March,9,25,21801
March,9,26,9165
March,9,28,19811
March,9,29,48552
March,9,30,9214
March,9,31,5784
March,9,34,2480
March,9,35,44769
March,9,36,2716
March,9,37,3027
March,9,39,1512
March,9,40,2209
March,9,41,36904
March,9,42,11951
March,9,43,9923
March,9,44,2580
March,9,45,17918
March,9,46,3039
March,9,47,16908
March,9,48,3489
March,9,49,2212
March,9,50,6586
March,9,51,2486
March,9,52,5919
March,9,53,9949
March,9,54,5078
March,9,55,18372
March,9,56,5312
March,9,57,4083
March,9,58,8921
March,9,59,2589
March,9,61,7882
March,9,62,2770
March,9,63,8899
March,9,64,8039
March,10,1,27938
March,10,2,19479
March,10,3,26425
March,10,4,29327
March,10,5,28293
March,10,6,36470
March,10,7,5121
March,10,8,5644
March,10,9,25617
March,10,10,5803
March,10,11,1433
March,10,12,5151
March,10,15,22238
March,10,17,16497
March,10,18,11417
March,10,19,9573
March,10,20,5204
March,10,21,12026
March,10,22,46570
March,10,23,12132
March,10,24,34276
March,10,25,20676
March,10,26,13047
March,10,28,22437
March,10,29,6154
March,10,30,8781
March,10,31,4674
March,10,34,4205
March,10,35,39420
March,10,36,8828
March,10,37,1515
March,10,39,7260
March,10,40,7147
March,10,41,39815
March,10,42,11381
March,10,43,11506
March,10,44,3822
March,10,45,20177
March,10,46,3932
March,10,47,22707
March,10,48,5873
March,10,49,3376
March,10,50,5127
March,10,51,3303
March,10,52,9711
March,10,53,18182
March,10,54,5626
March,10,55,23153
March,10,56,8064
March,10,57,26839
March,10,58,21817
March,10,59,6575
March,10,61,20360
March,10,62,3254
March,10,63,13994
March,10,64,10972
March,11,1,27169
March,11,2,19511
March,11,3,26669
March,11,4,30073
March,11,5,29484
March,11,6,36205
March,11,7,5317
March,11,8,5432
March,11,9,25089
March,11,10,5777
March,11,11,1471
March,11,12,5397
March,11,14,12128
March,11,15,22469
March,11,17,16619
March,11,18,11368
March,11,19,9657
March,11,20,5608
March,11,21,11533
March,11,22,45237
March,11,23,11851
March,11,24,34306
March,11,25,21217
March,11,26,13581
March,11,28,22691
March,11,29,6419
March,11,30,9515
March,11,31,5192
March,11,34,4174
March,11,35,40207
March,11,36,9693
March,11,37,3218
March,11,39,7908
March,11,40,8452
March,11,41,41619
March,11,42,11948
March,11,43,11699
March,11,44,3600
March,11,45,20882
March,11,46,3958
March,11,47,22364
March,11,48,9426
March,11,49,3576
March,11,50,5567
March,11,51,4093
March,11,52,11139
March,11,53,18742
March,11,54,5941
March,11,55,23504
March,11,56,6076
March,11,57,26299
March,11,58,22249
March,11,59,7326
March,11,61,20593
March,11,62,3517
March,11,63,14786
March,11,64,10412
March,12,1,28942
March,12,2,20422
March,12,3,27397
March,12,4,31892
March,12,5,31124
March,12,6,36985
March,12,7,4829
March,12,8,5272
March,12,9,25155
March,12,10,5423
March,12,11,1307
March,12,12,5212
March,12,14,12193
March,12,15,22589
March,12,17,16345
March,12,18,11199
March,12,19,10442
March,12,20,6741
March,12,21,12564
March,12,22,46804
March,12,23,12028
March,12,24,35082
March,12,25,21183
March,12,26,13700
March,12,28,24449
March,12,29,5510
March,12,30,10138
March,12,31,5127
March,12,34,4907
March,12,35,41188
March,12,36,9372
March,12,37,3082
March,12,39,8062
March,12,40,8142
March,12,41,42800
March,12,42,11494
March,12,43,9259
March,12,44,2299
March,12,45,21138
March,12,46,3536
March,12,47,23572
March,12,48,5871
March,12,49,3397
March,12,50,6017
March,12,51,3479
March,12,52,10019
March,12,53,19461
March,12,54,5596
March,12,55,23611
March,12,56,8476
March,12,57,25505
March,12,58,22258
March,12,59,7021
March,12,61,20033
March,12,62,3488
March,12,63,15213
March,12,64,10223
March,13,1,26472
March,13,2,20825
March,13,3,28038
March,13,4,31588
March,13,5,31542
March,13,6,34973
March,13,7,3847
March,13,8,4649
March,13,9,20407
March,13,10,4942
March,13,11,869
March,13,12,3884
March,13,14,11594
March,13,15,20991
March,13,17,14982
March,13,18,10145
March,13,19,10980
March,13,20,7260
March,13,21,13191
March,13,22,42977
March,13,23,11125
March,13,24,32490
March,13,25,22249
March,13,26,13712
March,13,28,25778
March,13,29,4913
March,13,30,11383
March,13,31,5430
March,13,34,3550
March,13,35,39430
March,13,36,9619
March,13,37,3502
March,13,39,7404
March,13,40,7506
March,13,41,40948
March,13,42,9954
March,13,43,7261
March,13,44,1759
March,13,45,19716
March,13,46,2979
March,13,47,23555
March,13,48,5785
March,13,49,3221
March,13,50,5949
March,13,51,3717
March,13,52,10232
March,13,53,18566
March,13,54,4580
March,13,55,22812
March,13,56,8516
March,13,57,21361
March,13,58,20815
March,13,59,6012
March,13,61,17449
March,13,62,3528
March,13,63,15966
March,13,64,8729
March,13,65,14061
March,14,1,24473
March,14,2,18452
March,14,3,24141
March,14,4,26770
March,14,5,28853
March,14,6,24314
March,14,7,4513
March,14,8,2892
March,14,9,2160
March,14,10,1251
March,14,11,1033
March,14,12,4643
March,14,14,8714
March,14,15,17367
March,14,17,4344
March,14,18,2506
March,14,19,10826
March,14,20,7891
March,14,21,13109
March,14,22,36062
March,14,23,4146
March,14,24,15038
March,14,25,21791
March,14,26,14589
March,14,27,4654
March,14,28,20492
March,14,29,8917
March,14,30,11785
March,14,31,6407
March,14,34,1840
March,14,35,34882
March,14,36,5298
March,14,37,3800
March,14,39,2056
March,14,40,3536
March,14,41,32782
March,14,42,4695
March,14,43,2262
March,14,44,920
March,14,45,16078
March,14,46,1030
March,14,47,21106
March,14,48,7492
March,14,49,4133
March,14,50,7044
March,14,51,3659
March,14,52,8733
March,14,53,12684
March,14,54,1950
March,14,55,21884
March,14,56,6349
March,14,57,3289
March,14,58,9430
March,14,59,2025
March,14,61,7333
March,14,62,3392
March,14,63,11483
March,14,64,1820
March,14,65,11102
March,15,1,18231
March,15,2,13550
March,15,3,18697
March,15,4,20548
March,15,5,18826
March,15,6,18704
March,15,7,2936
March,15,8,2924
March,15,9,1688
March,15,10,860
March,15,11,1387
March,15,12,5035
March,15,14,6858
March,15,15,15092
March,15,17,2962
March,15,18,1526
March,15,19,8825
March,15,20,5997
March,15,21,11620
March,15,22,30112
March,15,23,2936
March,15,24,10348
March,15,25,17423
March,15,26,13232
March,15,27,3599
March,15,28,13581
March,15,29,4901
March,15,30,10194
March,15,31,5194
March,15,34,1505
March,15,35,25661
March,15,36,3537
March,15,37,3042
March,15,39,1406
March,15,40,2661
March,15,41,24278
March,15,42,2507
March,15,43,1910
March,15,44,709
March,15,45,12531
March,15,46,1027
March,15,47,15929
March,15,48,6432
March,15,49,4063
March,15,50,5585
March,15,51,3151
March,15,52,7807
March,15,53,9606
March,15,54,1548
March,15,55,18974
March,15,56,2858
March,15,57,2437
March,15,58,7694
March,15,59,1810
March,15,61,6410
March,15,62,2705
March,15,63,8480
March,15,64,1462
March,15,65,8312
March,16,1,21826
March,16,2,15930
March,16,3,20745
March,16,4,23350
March,16,5,19677
March,16,6,27791
March,16,7,4611
March,16,8,4896
March,16,9,19514
March,16,10,4597
March,16,11,1410
March,16,12,5351
March,16,14,9530
March,16,15,17556
March,16,17,13647
March,16,18,8975
March,16,19,8024
March,16,20,3971
March,16,21,11008
March,16,22,42707
March,16,23,9250
March,16,24,28216
March,16,25,16804
March,16,26,10012
March,16,27,2644
March,16,28,14674
March,16,29,4255
March,16,30,7723
March,16,31,4022
March,16,34,3376
March,16,35,30346
March,16,36,6751
March,16,37,2725
March,16,39,6158
March,16,40,5584
March,16,41,30681
March,16,42,8735
March,16,43,8081
March,16,44,2915
March,16,45,15721
March,16,46,2980
March,16,47,18733
March,16,48,3787
March,16,49,2038
March,16,50,4548
March,16,51,3238
March,16,52,8652
March,16,53,14518
March,16,54,5078
March,16,55,21321
March,16,56,7259
March,16,57,18463
March,16,58,17907
March,16,59,5033
March,16,61,16871
March,16,62,3010
March,16,63,11619
March,16,64,8242
March,16,65,10848
March,17,1,19012
March,17,2,13478
March,17,3,18502
March,17,4,20094
March,17,5,16438
March,17,6,23146
March,17,7,3917
March,17,8,4668
March,17,9,16082
March,17,10,4006
March,17,11,1284
March,17,12,4605
March,17,14,7557
March,17,15,15722
March,17,17,12081
March,17,18,8233
March,17,19,6783
March,17,20,3696
March,17,21,9183
March,17,22,38538
March,17,23,7431
March,17,24,23871
March,17,25,14196
March,17,26,12722
March,17,27,3278
March,17,28,11922
March,17,29,3658
March,17,30,6331
March,17,31,3919
March,17,34,2899
March,17,35,26678
March,17,36,6408
March,17,37,2461
March,17,39,5306
March,17,40,5439
March,17,41,26369
March,17,42,8107
March,17,43,6901
March,17,44,2499
March,17,45,13754
March,17,46,2724
March,17,47,16868
March,17,48,5130
March,17,49,3239
March,17,50,4310
March,17,51,1970
March,17,52,7966
March,17,53,12996
March,17,54,4289
March,17,55,19882
March,17,56,6310
March,17,57,15361
March,17,58,15539
March,17,59,4681
March,17,61,13531
March,17,62,2926
March,17,63,10107
March,17,64,7202
March,17,65,9021
March,18,1,15806
March,18,2,12313
March,18,3,16349
March,18,4,18271
March,18,5,13982
March,18,6,19190
March,18,7,3532
March,18,8,3640
March,18,9,12906
March,18,10,3065
March,18,11,1169
March,18,12,4877
March,18,14,6026
March,18,15,13417
March,18,17,10189
March,18,18,6484
March,18,19,6491
March,18,20,3231
March,18,21,7838
March,18,22,33601
March,18,23,5782
March,18,24,20756
March,18,25,12261
March,18,26,8858
March,18,27,2203
March,18,28,9007
March,18,29,3100
March,18,30,6099
March,18,31,3932
March,18,34,2163
March,18,35,21573
March,18,36,5884
March,18,37,2077
March,18,39,4346
March,18,40,4514
March,18,41,23673
March,18,42,6088
March,18,43,4210
March,18,44,1099
March,18,45,12275
March,18,46,2478
March,18,47,14684
March,18,48,3257
March,18,49,1805
March,18,50,4211
March,18,51,2552
March,18,52,7210
March,18,53,10507
March,18,54,3580
March,18,55,18232
March,18,56,5761
March,18,57,7577
March,18,58,13342
March,18,59,4622
March,18,61,10746
March,18,62,2459
March,18,63,8988
March,18,64,5941
March,18,65,7979
March,19,1,14949
March,19,2,12146
March,19,3,14987
March,19,4,16996
March,19,5,12839
March,19,6,18269
March,19,7,3050
March,19,8,3114
March,19,9,10771
March,19,10,2994
March,19,11,1054
March,19,12,3828
March,19,14,5809
March,19,17,8632
March,19,18,5716
March,19,19,5688
March,19,20,3066
March,19,21,7230
March,19,22,29896
March,19,23,5408
March,19,24,19691
March,19,25,11086
March,19,26,10181
March,19,27,2491
March,19,28,8107
March,19,29,2652
March,19,30,5639
March,19,31,3299
March,19,34,1930
March,19,35,19996
March,19,36,5167
March,19,37,1987
March,19,39,4082
March,19,40,3862
March,19,41,21748
March,19,42,4900
March,19,43,3817
March,19,44,856
March,19,45,11292
March,19,46,2054
March,19,47,13549
March,19,48,4301
March,19,49,2635
March,19,50,4052
March,19,51,2617
March,19,52,6532
March,19,53,10031
March,19,54,2723
March,19,55,16928
March,19,56,5498
March,19,57,7273
March,19,58,12245
March,19,59,3453
March,19,61,9319
March,19,62,2357
March,19,63,8384
March,19,64,5097
March,19,65,7340
March,20,1,15569
March,20,2,12304
March,20,3,15309
March,20,4,18092
March,20,5,12736
March,20,6,17866
March,20,7,2998
March,20,8,3046
March,20,9,8993
March,20,10,2483
March,20,11,851
March,20,12,3633
March,20,14,5663
March,20,17,8115
March,20,18,5273
March,20,19,5793
March,20,20,3403
March,20,21,8496
March,20,22,28254
March,20,23,5047
March,20,24,17726
March,20,25,11979
March,20,26,10036
March,20,27,2636
March,20,28,8453
March,20,29,2770
March,20,30,5907
March,20,31,3890
March,20,34,1698
March,20,35,19892
March,20,36,4504
March,20,37,2200
March,20,39,3792
March,20,40,3962
March,20,41,21881
March,20,42,3810
March,20,43,2787
March,20,44,803
March,20,45,10897
March,20,46,1599
March,20,47,13736
March,20,48,4009
March,20,49,2820
March,20,50,4345
March,20,51,2622
March,20,52,6214
March,20,53,10024
March,20,54,2327
March,20,55,15938
March,20,56,5135
March,20,57,5935
March,20,58,11593
March,20,59,2759
March,20,61,8334
March,20,62,2338
March,20,63,8682
March,20,64,4309
March,20,65,6924
March,21,1,11300
March,21,2,9764
March,21,3,13122
March,21,4,13758
March,21,5,9180
March,21,6,11776
March,21,7,2018
March,21,8,2395
March,21,9,1517
March,21,10,876
March,21,11,1043
March,21,12,3736
March,21,14,4423
March,21,17,1858
March,21,18,1302
March,21,19,5085
March,21,20,3066
March,21,21,6908
March,21,22,20003
March,21,23,2190
March,21,24,7961
March,21,25,10136
March,21,26,9389
March,21,27,2912
March,21,28,4161
March,21,29,2706
March,21,30,5525
March,21,31,3737
March,21,34,843
March,21,35,15372
March,21,36,1867
March,21,37,2078
March,21,39,1003
March,21,40,1300
March,21,41,15182
March,21,42,1071
March,21,43,1065
March,21,44,470
March,21,45,7903
March,21,46,636
March,21,47,10441
March,21,48,4261
March,21,49,2933
March,21,50,4497
March,21,51,2426
March,21,52,4678
March,21,53,5982
March,21,54,1213
March,21,55,13122
March,21,56,4092
March,21,57,1956
March,21,58,5156
March,21,59,1600
March,21,61,3985
March,21,62,1739
March,21,63,5600
March,21,64,1066
March,21,65,4929
March,22,1,9601
March,22,2,6865
March,22,3,9625
March,22,4,9253
March,22,5,6348
March,22,6,8444
March,22,7,1784
March,22,8,1956
March,22,9,952
March,22,10,645
March,22,11,679
March,22,12,2616
March,22,14,3058
March,22,17,1257
March,22,18,722
March,22,19,4353
March,22,20,1984
March,22,21,5652
March,22,22,17320
March,22,23,1524
March,22,24,5846
March,22,25,7422
March,22,26,8038
March,22,27,2186
March,22,28,3213
March,22,29,1980
March,22,30,3999
March,22,31,2750
March,22,34,671
March,22,35,10502
March,22,36,1206
March,22,37,1441
March,22,39,510
March,22,40,954
March,22,41,10404
March,22,42,898
March,22,43,721
March,22,44,426
March,22,45,5330
March,22,46,611
March,22,47,7854
March,22,48,3600
March,22,49,2434
March,22,50,3620
March,22,51,1884
March,22,52,3327
March,22,53,3669
March,22,54,852
March,22,55,12484
March,22,56,3058
March,22,57,1566
March,22,58,4115
March,22,59,1050
March,22,61,3218
March,22,62,1650
March,22,63,3740
March,22,64,924
March,22,65,3042
March,23,1,10079
March,23,2,8920
March,23,3,9673
March,23,4,12411
March,23,5,7332
March,23,6,11232
March,23,7,2465
March,23,8,2352
March,23,9,7443
March,23,10,1989
March,23,11,670
March,23,12,2740
March,23,14,3766
March,23,17,6236
March,23,18,4204
March,23,19,3800
March,23,20,2109
March,23,21,5790
March,23,22,21126
March,23,23,3582
March,23,24,12085
March,23,25,7819
March,23,26,5310
March,23,27,1453
March,23,28,5571
March,23,29,1774
March,23,30,3723
March,23,31,2360
March,23,34,1312
March,23,35,11338
March,23,36,3133
March,23,37,1288
March,23,39,2685
March,23,40,3407
March,23,41,14905
March,23,42,2059
March,23,43,1461
March,23,44,656
March,23,45,7731
March,23,46,1080
March,23,47,10236
March,23,48,2098
March,23,49,1719
March,23,50,2681
March,23,51,1877
March,23,52,4020
March,23,53,7467
March,23,54,1052
March,23,55,13236
March,23,56,3698
March,23,57,4899
March,23,58,7747
March,23,59,1931
March,23,61,4536
March,23,62,1527
March,23,63,6227
March,23,64,2505
March,23,65,4570
March,24,1,7406
March,24,2,5516
March,24,3,5697
March,24,4,7869
March,24,5,5517
March,24,6,9132
March,24,7,2904
March,24,8,2328
March,24,9,4888
March,24,10,1512
March,24,11,742
March,24,12,2715
March,24,14,2670
March,24,17,4021
March,24,18,2689
March,24,19,2229
March,24,20,1310
March,24,21,3672
March,24,22,17028
March,24,23,2964
March,24,24,9706
March,24,25,6285
March,24,26,5536
March,24,27,1435
March,24,28,4404
March,24,29,1567
March,24,30,2214
March,24,31,1865
March,24,34,960
March,24,35,9706
March,24,36,2384
March,24,37,870
March,24,39,1631
March,24,40,2419
March,24,41,9866
March,24,42,1505
March,24,43,1022
March,24,44,529
March,24,45,5187
March,24,46,721
March,24,47,7230
March,24,48,2198
March,24,49,2357
March,24,50,2067
March,24,51,1557
March,24,52,2407
March,24,53,4967
March,24,54,953
March,24,55,9605
March,24,56,2919
March,24,57,3769
March,24,58,5828
March,24,59,1085
March,24,61,2700
March,24,62,1291
March,24,63,3886
March,24,64,2224
March,24,65,3140
March,25,1,5526
March,25,2,4940
March,25,3,5231
March,25,4,7172
March,25,5,4608
March,25,6,7095
March,25,7,1983
March,25,8,2057
March,25,9,4107
March,25,10,1206
March,25,11,659
March,25,12,2275
March,25,14,2259
March,25,17,3484
March,25,18,2400
March,25,19,2226
March,25,20,949
March,25,21,3302
March,25,22,14323
March,25,23,2577
March,25,24,8787
March,25,25,5913
March,25,26,3622
March,25,27,1046
March,25,28,3215
March,25,29,1277
March,25,30,2015
March,25,31,1728
March,25,34,782
March,25,35,8144
March,25,36,2056
March,25,37,875
March,25,39,1337
March,25,40,1909
March,25,41,8427
March,25,42,890
March,25,43,610
March,25,44,370
March,25,45,4373
March,25,46,539
March,25,47,6284
March,25,48,1439
March,25,49,1459
March,25,50,1900
March,25,51,1365
March,25,52,2101
March,25,53,4358
March,25,54,880
March,25,55,8678
March,25,56,2716
March,25,57,3419
March,25,58,5064
March,25,59,994
March,25,61,2268
March,25,62,1064
March,25,63,3362
March,25,64,1584
March,25,65,2724
March,26,1,6425
March,26,2,4802
March,26,3,5328
March,26,4,6658
March,26,5,4685
March,26,6,6638
March,26,7,2149
March,26,8,2249
March,26,9,3429
March,26,10,1221
March,26,11,815
March,26,12,2759
March,26,14,2086
March,26,17,3081
March,26,18,2129
March,26,19,2234
March,26,20,944
March,26,21,3543
March,26,22,15583
March,26,23,2422
March,26,24,7676
March,26,25,5663
March,26,26,4836
March,26,27,1331
March,26,28,3516
March,26,29,1543
March,26,30,1998
March,26,31,1742
March,26,34,795
March,26,35,8473
March,26,36,1855
March,26,37,1002
March,26,39,1193
March,26,40,1815
March,26,41,8196
March,26,42,940
March,26,43,540
March,26,44,422
March,26,45,4140
March,26,46,523
March,26,47,6064
March,26,48,2075
March,26,49,1916
March,26,50,1806
March,26,51,1421
March,26,52,2114
March,26,53,4072
March,26,54,758
March,26,55,8277
March,26,56,2500
March,26,57,3054
March,26,58,4476
March,26,59,800
March,26,61,2297
March,26,62,1106
March,26,63,3068
March,26,64,1537
March,26,65,2675
March,27,1,6429
March,27,2,4253
March,27,3,5562
March,27,4,6710
March,27,5,4856
March,27,6,6579
March,27,7,2025
March,27,8,2123
March,27,9,3203
March,27,10,1244
March,27,11,842
March,27,12,2815
March,27,14,2000
March,27,17,2742
March,27,18,1812
March,27,19,2407
March,27,20,975
March,27,21,3598
March,27,22,14950
March,27,23,2164
March,27,24,7700
March,27,25,5519
March,27,26,4934
March,27,27,1251
March,27,28,3406
March,27,29,1564
March,27,30,2284
March,27,31,1870
March,27,34,770
March,27,35,8079
March,27,36,1688
March,27,37,949
March,27,39,1034
March,27,40,1647
March,27,41,8442
March,27,42,820
March,27,43,523
March,27,44,381
March,27,45,4315
March,27,46,559
March,27,47,6065
March,27,48,1763
March,27,49,2221
March,27,50,1964
March,27,51,1452
March,27,52,2012
March,27,53,4134
March,27,54,734
March,27,55,8739
March,27,56,2575
March,27,57,2623
March,27,58,4280
March,27,59,846
March,27,61,2411
March,27,62,1230
March,27,63,3077
March,27,64,1487
March,27,65,2616
March,28,1,6085
March,28,2,3859
March,28,3,5079
March,28,4,5008
March,28,5,3820
March,28,6,4657
March,28,7,2182
March,28,8,2315
March,28,9,1061
March,28,10,596
March,28,11,1087
March,28,12,3125
March,28,14,1511
March,28,17,1144
March,28,18,731
March,28,19,2330
March,28,20,739
March,28,21,2692
March,28,22,12003
March,28,23,969
March,28,24,3970
March,28,25,5273
March,28,26,5391
March,28,27,1448
March,28,28,2452
March,28,29,1866
March,28,30,1764
March,28,31,1815
March,28,34,615
March,28,35,7632
March,28,36,708
March,28,37,866
March,28,39,377
March,28,40,669
March,28,41,5840
March,28,42,592
March,28,43,382
March,28,44,280
March,28,45,3278
March,28,46,338
March,28,47,5150
March,28,48,2430
March,28,49,2243
March,28,50,1885
March,28,51,1359
March,28,52,1501
March,28,53,2133
March,28,54,665
March,28,55,7795
March,28,56,1857
March,28,57,1153
March,28,58,2340
March,28,59,692
March,28,61,1958
March,28,62,1338
March,28,63,2122
March,28,64,702
March,28,65,1963
March,29,1,4103
March,29,2,2889
March,29,3,3511
March,29,4,3440
March,29,5,2756
March,29,6,3516
March,29,7,1685
March,29,8,1725
March,29,9,650
March,29,10,388
March,29,11,804
March,29,12,2408
March,29,14,1069
March,29,17,764
March,29,18,400
March,29,19,1456
March,29,20,595
March,29,21,2163
March,29,22,8929
March,29,23,1460
March,29,24,3122
March,29,25,4042
March,29,26,4409
March,29,27,1044
March,29,28,1677
March,29,29,1236
March,29,30,1316
March,29,31,1424
March,29,34,430
March,29,35,5082
March,29,36,533
March,29,37,652
March,29,39,183
March,29,40,472
March,29,41,3958
March,29,42,494
March,29,43,322
March,29,44,239
March,29,45,2292
March,29,46,270
March,29,47,3241
March,29,48,1597
March,29,49,1981
March,29,50,1421
March,29,51,1119
March,29,52,1146
March,29,53,1275
March,29,54,371
March,29,55,6183
March,29,56,1374
March,29,57,848
March,29,58,1776
March,29,59,569
March,29,61,1359
March,29,62,1015
March,29,63,1521
March,29,64,540
March,29,65,1361
March,30,1,4773
March,30,2,3533
March,30,3,4320
March,30,4,5025
March,30,5,3679
March,30,6,5488
March,30,7,2067
March,30,8,2050
March,30,9,2683
March,30,10,955
March,30,11,907
March,30,12,2853
March,30,14,1730
March,30,17,2380
March,30,18,1619
March,30,19,1533
March,30,20,899
March,30,21,3040
March,30,22,13239
March,30,23,2068
March,30,24,6514
March,30,25,4854
March,30,26,3151
March,30,27,849
March,30,28,2834
March,30,29,1358
March,30,30,1700
March,30,31,1333
March,30,34,758
March,30,35,7012
March,30,36,1521
March,30,37,718
March,30,39,963
March,30,40,1415
March,30,41,6162
March,30,42,733
March,30,43,398
March,30,44,251
March,30,45,3161
March,30,46,478
March,30,47,4918
March,30,48,1186
March,30,49,1430
March,30,50,1469
March,30,51,1195
March,30,52,1534
March,30,53,3402
March,30,54,615
March,30,55,7146
March,30,56,2099
March,30,57,1985
March,30,58,3552
March,30,59,784
March,30,61,2000
March,30,62,1351
March,30,63,2464
March,30,64,1287
March,30,65,2110
March,31,1,4363
March,31,2,2993
March,31,3,3908
March,31,4,4494
March,31,5,3590
March,31,6,4827
March,31,7,2120
March,31,8,2265
March,31,9,2416
March,31,10,967
March,31,11,985
March,31,12,3118
March,31,14,1602
March,31,17,2180
March,31,18,1368
March,31,19,1506
March,31,20,808
March,31,21,2609
March,31,22,12438
March,31,23,1960
March,31,24,5913
March,31,25,4916
March,31,26,4344
March,31,27,1123
March,31,28,3041
March,31,29,1440
March,31,30,1611
March,31,31,1526
March,31,34,658
March,31,35,7246
March,31,36,1372
March,31,37,777
March,31,39,749
March,31,40,1409
March,31,41,5523
March,31,42,723
March,31,43,371
March,31,44,273
March,31,45,3127
March,31,46,398
March,31,47,4459
March,31,48,1676
March,31,49,1786
March,31,50,1149
March,31,51,1391
March,31,52,1544
March,31,53,3112
March,31,54,647
March,31,55,7213
March,31,56,1973
March,31,57,1635
March,31,58,3381
March,31,59,634
March,31,61,1969
March,31,62,1303
March,31,63,2346
March,31,64,1163
March,31,65,2108
